,순위,영화명,개봉일,매출액,관객수,스크린수,상영횟수,영화코드,영화명(영어),제작년도,영화유형,제작상태,제작국가,영화장르,대표국가,대표 장르,디렉터,제작사,평점
0,1,명량,20140730,"135,758,658,810","17,615,919","1,587","188,726",20129370,The Admiral: Roaring Currents,2013,장편,개봉,한국,"사극,액션",한국,사극,김한민,(주)빅스톤픽쳐스,8.88
1,2,극한직업,20190123,"139,655,543,516","16,266,338","2,003","292,816",20182530,Extreme Job,2018,장편,개봉,한국,코미디,한국,코미디,이병헌,(주)어바웃잇,9.20
2,3,신과함께-죄와 벌,20171220,"115,727,528,087","14,414,658","1,912","214,631",20150976,Along with the Gods: The Two Worlds,2017,장편,개봉,한국,"판타지,드라마",한국,판타지,김용화,리얼라이즈픽쳐스(주),8.73
3,4,국제시장,20141217,"110,947,621,230","14,264,478","1,044","212,705",20137048,Ode to My Father,2014,장편,개봉,한국,드라마,한국,드라마,윤제균,(주)제이케이필름,9.16
4,5,어벤져스: 엔드게임,20190424,"122,492,181,020","13,977,602","2,835","246,433",20184889,Avengers: Endgame,2018,장편,개봉,미국,"액션,SF",미국,액션,안소니 루소,,9.50
5,6,겨울왕국 2,20191121,"114,843,932,550","13,750,668","2,648","299,454",20197803,Frozen 2,2019,장편,개봉,미국,애니메이션,미국,애니메이션,크리스 벅,,8.95
6,7,베테랑,20150805,"105,170,856,250","13,414,484","1,115","199,307",20148048,Veteran,2014,장편,개봉,한국,"액션,드라마",한국,액션,류승완,(주)외유내강,9.24
7,8,아바타,20091217,"125,304,346,000","13,338,863",917,"164,457",20090834,Avatar,2009,장편,개봉,미국,"SF,액션,어드벤처",미국,SF,제임스 카메론,이십세기폭스필름코퍼레이션,8.82
8,9,도둑들,20120725,"93,672,497,700","12,984,701","1,091","155,487",20124034,The Thieves,2012,장편,개봉,"한국,홍콩","액션,범죄",한국,액션,최동훈,(주)케이퍼필름,7.65
9,10,7번방의 선물,20130123,"91,437,368,170","12,812,144",866,"167,013",20127593,Miracle in Cell No.7,2012,장편,개봉,한국,"코미디,드라마",한국,코미디,이환경,(주)화인웍스,8.83
10,11,알라딘,20190523,"109,041,960,039","12,797,927","1,409","284,820",20183867,Aladdin,2018,장편,개봉,미국,"어드벤처,가족,판타지",미국,어드벤처,가이 리치,,9.35
11,12,암살,20150722,"98,469,385,781","12,706,947","1,519","175,222",20148851,Assassination,2015,장편,개봉,한국,"액션,드라마",한국,액션,최동훈,(주)케이퍼필름,9.10
12,13,범죄도시2,20220518,"131,298,796,478","12,693,415","2,521","355,768",20204548,The Roundup,2022,장편,개봉,한국,"범죄,액션",한국,범죄,이상용,주식회사 빅펀치픽쳐스,8.99
13,14,"광해, 왕이 된 남자",20120913,"88,913,283,469","12,324,062","1,001","203,464",20124079,Masquerade,2012,장편,개봉,한국,"사극,드라마",한국,사극,추창민,리얼라이즈픽쳐스(주),9.26
14,15,신과함께-인과 연,20180801,"102,689,349,539","12,278,010","2,235","180,750",20186202,Along with the Gods: The Last 49 Days,2017,장편,개봉,한국,"판타지,드라마",한국,판타지,김용화,리얼라이즈픽쳐스(주),8.63
15,16,택시운전사,20170802,"95,871,631,649","12,189,706","1,906","184,208",20162869,A Taxi Driver,2017,장편,개봉,한국,드라마,한국,드라마,장훈,더램프(주),9.28
16,17,부산행,20160720,"93,188,162,548","11,567,815","1,788","151,533",20156564,TRAIN TO BUSAN,2016,장편,개봉,한국,"액션,스릴러",한국,액션,연상호,(주)영화사레드피터,7.16
17,18,변호인,20131218,"82,876,713,788","11,375,399",925,"152,290",20134803,The Attorney,2013,장편,개봉,한국,드라마,한국,드라마,양우석,위더스필름(주),9.30
18,19,해운대,20090722,"81,028,720,000","11,325,117",764,"154,332",20090074,Haeundae,2009,장편,개봉,한국,"액션,드라마,어드벤처",한국,액션,윤제균,(주)제이케이필름,7.44
19,20,어벤져스: 인피니티 워,20180425,"100,081,428,549","11,233,176","2,553","243,677",20177478,Avengers: Infinity War,2018,장편,개봉,미국,"액션,어드벤처,판타지,SF",미국,액션,안소니 루소,,9.08
20,21,괴물,20060727,"66,717,700,300","10,917,400",647,"113,105",20060151,The Host,2006,장편,개봉,한국,"SF,가족,드라마",한국,SF,봉준호,영화사청어람(주),8.63
21,22,아바타: 물의 길,20221214,"137,647,702,899","10,805,065","2,809","283,037",20225061,Avatar: The Way of Water,2022,장편,개봉,미국,"액션,어드벤처,SF,스릴러",미국,액션,제임스 카메론,,8.82
22,23,왕의 남자,20051229,"66,019,904,400","10,514,177",313,"111,193",20050333,King and the Clown,2005,장편,개봉,한국,드라마,한국,드라마,이준익,(주)씨네월드,9.04
23,24,어벤져스: 에이지 오브 울트론,20150423,"88,645,598,646","10,504,487","1,843","194,385",20148493,The Avengers: Age of Ultron,2014,장편,개봉,미국,"액션,어드벤처,판타지,SF",미국,액션,조스 웨던,,8.59
24,25,인터스텔라,20141106,"83,072,616,000","10,342,523","1,410","170,542",20149120,Interstellar,2014,장편,개봉,"미국,영국",SF,미국,SF,크리스토퍼 놀란,,9.12
25,26,기생충,20190530,"87,463,965,795","10,313,519","1,948","206,452",20183782,PARASITE,2019,장편,개봉,한국,드라마,한국,드라마,봉준호,(주)바른손이앤에이,9.07
26,27,겨울왕국,20140116,"82,544,207,680","10,305,051","1,010","157,951",20136803,Frozen,2013,장편,개봉,미국,"애니메이션,어드벤처,가족,코미디,뮤지컬,판타지",미국,애니메이션,크리스 벅,,
27,28,보헤미안 랩소디,20181031,"86,280,975,785","9,948,386","1,179","232,226",20185485,Bohemian Rhapsody,2018,장편,개봉,미국,드라마,미국,드라마,브라이언 싱어,,9.45
28,29,검사외전,20160203,"77,320,403,264","9,707,581","1,812","153,532",20145507,A Violent Prosecutor,2015,장편,개봉,한국,"범죄,코미디",한국,범죄,이일형,(주)영화사 월광,8.56
29,30,엑시트,20190731,"79,244,333,162","9,427,588","1,660","202,423",20184621,EXIT,2019,장편,개봉,한국,"코미디,액션",한국,코미디,이상근,(주)외유내강,
30,31,설국열차,20130801,"67,035,020,000","9,353,799","1,128","125,777",20126674,Snowpiercer,2013,장편,개봉,"한국,체코","SF,액션",한국,SF,봉준호,모호필름,7.98
31,32,관상,20130911,"66,009,826,500","9,135,806","1,240","125,107",20126091,The Face Reader,2013,장편,개봉,한국,"사극,드라마",한국,사극,한재림,(주)주피터필름,8.02
32,33,아이언맨 3,20130425,"70,809,259,500","9,001,679","1,389","163,596",20121621,Iron Man 3,2013,장편,개봉,미국,"액션,어드벤처,SF",미국,액션,쉐인 블랙,파라마운트 픽쳐스,8.86
33,34,캡틴 아메리카: 시빌 워,20160427,"72,686,676,527","8,678,761","1,991","161,744",20159364,Captain America: Civil War,2015,장편,개봉,미국,"액션,SF,스릴러",미국,액션,안소니 루소,,8.82
34,35,해적: 바다로 간 산적,20140806,"66,372,140,706","8,666,208",910,"133,354",20136064,The Pirates,2014,장편,개봉,한국,어드벤처,한국,어드벤처,이석훈,(주)하리마오픽쳐스,8.51
35,36,수상한 그녀,20140122,"62,721,871,849","8,660,851","1,027","137,012",20131102,Miss Granny,2013,장편,개봉,한국,드라마,한국,드라마,황동혁,(주)예인플러스엔터테인먼트,9.09
36,37,백두산,20191219,"69,831,688,800","8,253,470","1,971","174,506",20192206,ASHFALL,2019,장편,개봉,한국,"어드벤처,드라마",한국,어드벤처,이해준,주식회사 덱스터 픽쳐스,7.47
37,38,과속스캔들,20081203,"53,801,341,400","8,223,342",408,"145,556",20081672,Scandal Makers,2008,장편,개봉,한국,코미디,한국,코미디,강형철,(주)토일렛픽쳐스,9.20
38,39,탑건: 매버릭,20220622,"88,058,080,494","8,195,772","1,975","250,797",20194376,Top Gun: Maverick,2021,장편,개봉,미국,액션,미국,액션,조셉 코신스키,,9.59
39,40,국가대표,20090729,"57,570,773,000","8,035,181",570,"131,671",20090307,Take Off,2009,장편,개봉,한국,"드라마,액션,코미디",한국,드라마,김용화,케이엠컬쳐㈜,8.79
40,41,스파이더맨: 파 프롬 홈,20190702,"69,033,177,100","8,023,606","2,142","181,035",20196309,Spider-Man: Far From Home,2019,장편,개봉,미국,"액션,어드벤처,코미디,SF",미국,액션,존 왓츠,,8.99
41,42,디워,20070801,"49,340,084,700","7,855,474",622,"96,439",20070316,D-War,2007,장편,개봉,한국,"액션,판타지",한국,액션,심형래,㈜영구아트,
42,43,공조,20170118,"63,783,534,886","7,817,686","1,392","142,999",20151228,Confidential Assignment,2016,장편,개봉,한국,액션,한국,액션,김성훈,(주)제이케이필름,7.93
43,44,트랜스포머 3,20110629,"74,842,906,588","7,785,189","1,409","124,464",20110659,Transformers :The Dark Side of the Moon,2011,장편,개봉,미국,"액션,어드벤처",미국,액션,마이클 베이,,7.06
44,45,히말라야,20151216,"60,175,363,015","7,759,761","1,095","142,715",20136068,The Himalayas,2015,장편,개봉,한국,드라마,한국,드라마,이석훈,(주)제이케이필름,8.68
45,46,스파이더맨: 노 웨이 홈,20211215,"75,193,912,210","7,551,990","2,948","276,695",20210028,Spider-Man: No Way Home,2021,장편,개봉,미국,"액션,어드벤처,SF",미국,액션,존 왓츠,,9.09
46,47,미션임파서블:고스트프로토콜,20111215,"57,302,548,500","7,508,976","1,024","114,771",20112207,Mission: Impossible: Ghost Protocol,2011,장편,개봉,미국,액션,미국,액션,브래드 버드,파라마운트 픽쳐스,8.74
47,48,밀정,20160907,"61,270,079,831","7,500,457","1,444","138,162",20159646,The Age of Shadows,2016,장편,개봉,"한국,미국",액션,한국,액션,김지운,(주)다크서클픽쳐스,8.57
48,49,최종병기 활,20110810,"55,827,861,500","7,470,633",615,"130,055",20110302,War of the Arrows,2011,장편,개봉,한국,"사극,액션",한국,사극,김한민,(주)디씨지플러스,
49,50,트랜스포머,20070628,"47,740,418,203","7,405,449",863,"93,109",20070061,Transformers,2007,장편,개봉,미국,"SF,액션,어드벤처",미국,SF,마이클 베이,드림웍스픽쳐스,
50,51,트랜스포머: 패자의 역습,20090624,"50,699,866,000","7,393,443","1,154","115,150",20090303,Transformers: Revenge Of The Fallen,2009,장편,개봉,미국,"SF,액션,어드벤처",미국,SF,마이클 베이,드림웍스 SKG,8.10
51,52,써니,20110504,"54,038,557,200","7,363,142",546,"149,157",20110193,Sunny,2011,장편,개봉,한국,"드라마,코미디",한국,드라마,강형철,(주)알로하픽쳐스,9.12
52,53,한산: 용의 출현,20220727,"73,700,628,377","7,264,934","2,223","217,713",20209343,Hansan: Rising Dragon,2021,장편,개봉,한국,"액션,드라마",한국,액션,김한민,(주)빅스톤픽쳐스,8.54
53,54,스파이더맨: 홈 커밍,20170705,"59,125,813,820","7,258,678","1,965","164,448",20167303,Spider-Man: Homecoming,2017,장편,개봉,미국,"액션,어드벤처,SF",미국,액션,존 왓츠,,9.09
54,55,1987,20171227,"58,170,216,145","7,232,452","1,299","138,231",20170590,1987: When the Day Comes,2017,장편,개봉,한국,드라마,한국,드라마,장준환,(주)우정필름,9.32
55,56,베를린,20130130,"52,358,372,637","7,166,688",894,"111,760",20124083,The Berlin File,2012,장편,개봉,"한국,독일",액션,한국,액션,류승완,(주)외유내강,7.84
56,57,마스터,20161221,"58,068,236,865","7,150,586","1,501","126,927",20161725,Master,2016,장편,개봉,한국,"액션,범죄",한국,액션,조의석,영화사 집,8.65
57,58,터널,20160810,"57,530,028,417","7,120,780","1,105","113,214",20154910,Tunnel,2016,장편,개봉,한국,드라마,한국,드라마,김성훈,(주)어나더썬데이,8.63
58,59,어벤져스,20120426,"59,644,552,758","7,087,971",967,"112,559",20124721,The Avengers,2012,장편,개봉,미국,"액션,SF",미국,액션,조스 웨던,,9.50
59,60,내부자들,20151119,"56,605,193,557","7,073,581","1,129","152,783",20149314,Inside Men,2015,장편,개봉,한국,"범죄,드라마",한국,범죄,우민호,(유)내부자들 문화전문회사,9.06
60,61,인천상륙작전,20160727,"55,112,241,303","7,051,237","1,049","97,035",20156250,Operation Chromite ,2016,장편,개봉,한국,"전쟁,드라마",한국,전쟁,이재한,(주)태원엔터테인먼트,8.55
61,62,공조2: 인터내셔날,20220907,"70,917,452,586","6,982,940","2,389","275,816",20215601,Confidential Assignment2: International,2021,장편,개봉,한국,"액션,코미디",한국,액션,이석훈,(주)제이케이필름,7.93
62,63,럭키,20161013,"56,445,323,256","6,975,631","1,234","155,991",20153444,LUCK-KEY,2015,장편,개봉,한국,코미디,한국,코미디,이계벽,(주)용필름,8.76
63,64,은밀하게 위대하게,20130605,"48,700,887,413","6,959,083","1,341","117,463",20126672,Secretly Greatly,2013,장편,개봉,한국,"액션,코미디,드라마",한국,액션,장철수,(주)엠씨엠씨,7.12
64,65,범죄도시,20171003,"56,322,153,349","6,880,546","1,315","149,389",20172742,THE OUTLAWS,2017,장편,개봉,한국,"범죄,액션",한국,범죄,강윤성,(주)홍필름,
65,66,곡성,20160512,"55,864,308,382","6,879,989","1,485","130,332",20140194,THE WAILING,2016,장편,개봉,"한국,미국","미스터리,스릴러,드라마",한국,미스터리,나홍진,(주)사이드미러,8.23
66,67,화려한 휴가,20070725,"44,098,824,600","6,855,433",551,"96,536",20070209,May 18,2007,장편,개봉,한국,드라마,한국,드라마,김지훈,기획시대(주),7.54
67,68,"좋은 놈, 나쁜 놈, 이상한 놈",20080717,"43,755,980,300","6,686,075",824,"93,589",20072152,"The Good, The Bad, The Weird",2008,장편,개봉,한국,"서부극(웨스턴),액션,어드벤처",한국,서부극(웨스턴),김지운,(주)다크서클픽쳐스,7.74
68,69,늑대소년,20121031,"46,598,017,400","6,655,501",854,"109,262",20124054,A Werewolf Boy,2012,장편,개봉,한국,"멜로/로맨스,드라마,판타지",한국,멜로/로맨스,조성희,(주)영화사비단길,8.66
69,70,군함도,20170726,"50,510,565,168","6,592,151","2,027","108,775",20161481,The Battleship Island,2017,장편,개봉,한국,"액션,드라마",한국,액션,류승완,(주)외유내강,7.35
70,71,미션 임파서블: 폴아웃,20180725,"55,888,375,112","6,584,915","1,957","101,374",20181181,Mission:Impossible- Fallout,2018,장편,개봉,미국,"액션,스릴러",미국,액션,크리스토퍼 맥쿼리,파라마운트 픽쳐스,9.15
71,72,웰컴 투 동막골,20050804,"40,329,355,500","6,436,900",356,"72,129",20050180,Welcome To Dongmakgol,2005,장편,개봉,한국,"전쟁,드라마",한국,전쟁,박광현,필름있수다,8.89
72,73,다크 나이트 라이즈,20120719,"47,910,613,000","6,428,574","1,210","84,755",20112703,The Dark Knight Rises,2012,장편,개봉,"미국,영국","액션,범죄,스릴러",미국,액션,크리스토퍼 놀란,,9.56
73,74,사도,20150916,"48,846,723,501","6,247,745","1,210","124,276",20148846,The Throne,2014,장편,개봉,한국,사극,한국,사극,이준익,(주)타이거픽쳐스,8.49
74,75,아저씨,20100804,"47,110,894,000","6,179,525",501,"110,109",20100214,The Man From Nowhere,2010,장편,개봉,한국,"액션,드라마",한국,액션,이정범,오퍼스픽쳐스(유),9.25
75,76,킹스맨 : 시크릿 에이전트,20150211,"50,369,009,795","6,129,681",728,"139,988",20140110,Kingsman: The Secret Service,2014,장편,개봉,"미국,영국","액션,스릴러",미국,액션,매튜 본,,9.02
76,77,미션 임파서블: 로그네이션,20150730,"48,547,353,607","6,126,488","1,202","89,683",20157881,Mission: Impossible - Rogue Nation,2015,장편,개봉,미국,"액션,스릴러,어드벤처",미국,액션,크리스토퍼 맥쿼리,,8.81
77,78,미녀는 괴로워,20061214,"36,292,848,900","6,081,480",418,"87,141",20060387,200 Pounds Beauty,2006,장편,개봉,한국,"멜로/로맨스,코미디",한국,멜로/로맨스,김용화,리얼라이즈픽쳐스(주),8.79
78,79,전우치,20091223,"44,093,407,200","6,065,474",612,"102,357",20090077,Jeon Woochi: The Taoist Wizard,2009,장편,개봉,한국,"액션,코미디,판타지",한국,액션,최동훈,영화사 집,8.22
79,80,연평해전,20150624,"45,570,305,830","6,045,393","1,013","114,493",20134798,Northern Limit Line,2015,장편,개봉,한국,드라마,한국,드라마,김학순,(주)로제타시네마,9.14
80,81,인셉션,20100721,"45,147,601,940","6,014,577",531,"93,335",20100312,Inception,2010,장편,개봉,미국,"드라마,미스터리",미국,드라마,크리스토퍼 놀란,워너 브러더스 픽쳐스,9.52
81,82,레미제라블,20121219,"43,202,030,213","5,940,975",696,"85,408",20128274,Les Miserables,2012,장편,개봉,미국,드라마,미국,드라마,톰 후퍼,,8.46
82,83,닥터 스트레인지: 대혼돈의 멀티버스,20220504,"62,648,728,870","5,884,587","2,691","211,097",20212855,Doctor Strange in the Multiverse of Madness,2022,장편,개봉,미국,"액션,어드벤처,판타지",미국,액션,샘 레이미,,7.74
83,84,캡틴 마블,20190306,"51,507,488,723","5,802,810","2,100","186,382",20181877,Captain Marvel,2018,장편,개봉,미국,"액션,어드벤처,SF",미국,액션,애너 보든,,
84,85,타짜,20060928,"36,263,483,300","5,692,997",492,"77,625",20060277,Tazza: The High Rollers,2006,장편,개봉,한국,드라마,한국,드라마,최동훈,(주)싸이더스,6.77
85,86,쥬라기 월드: 폴른 킹덤,20180606,"49,770,711,037","5,661,128","1,972","144,779",20179086,JURASSIC WORLD: FALLEN KINGDOM,2018,장편,개봉,미국,"액션,어드벤처,SF",미국,액션,후안 안토니오 바요나,,8.55
86,87,청년경찰,20170809,"44,382,020,516","5,653,444","1,102","118,547",20162442,Midnight Runners,2017,장편,개봉,한국,액션,한국,액션,김주환,(주)무비락,9.03
87,88,숨바꼭질,20130814,"39,602,995,500","5,604,106",779,"88,066",20136049,Hide and Seek,2013,장편,개봉,한국,스릴러,한국,스릴러,허정,(주)드림캡쳐,6.74
88,89,덕혜옹주,20160803,"44,397,617,609","5,599,995",964,"97,327",20150979,The Last Princess,2016,장편,개봉,한국,"사극,드라마",한국,사극,허진호,(주)하이브미디어코프,8.72
89,90,더 테러 라이브,20130731,"39,870,954,381","5,584,295",809,"93,489",20136052,"The Terror, LIVE",2013,장편,개봉,한국,"범죄,기타",한국,범죄,김병우,(주)씨네이천,4.14
90,91,쥬라기 월드,20150611,"47,804,159,826","5,547,463","1,290","119,248",20098169,Jurassic World,2015,장편,개봉,미국,"액션,어드벤처,SF",미국,액션,콜린 트레보로우,,6.78
91,92,스즈메의 문단속,20230308,"56,586,363,448","5,518,453","1,572","240,978",20226270,Suzume,2022,장편,개봉,일본,애니메이션,일본,애니메이션,신카이 마코토,,
92,93,감시자들,20130703,"39,389,732,679","5,509,019",949,"100,349",20122783,Cold Eyes,2013,장편,개봉,한국,"범죄,액션",한국,범죄,조의석,영화사 집,7.76
93,94,앤트맨과 와스프,20180704,"47,470,638,985","5,448,357","1,775","148,269",20180522,Ant-Man and the Wasp,2018,장편,개봉,미국,"액션,어드벤처,SF",미국,액션,페이튼 리드,,6.85
94,95,닥터 스트레인지,20161026,"47,490,572,396","5,447,269","1,503","162,879",20163181,Doctor Strange,2015,장편,개봉,미국,"액션,어드벤처,판타지",미국,액션,스콧 데릭슨,,7.74
95,96,검은 사제들,20151105,"42,412,952,592","5,443,232","1,109","131,179",20145503,The Priests,2015,장편,개봉,한국,"미스터리,드라마",한국,미스터리,장재현,영화사 집,4.10
96,97,안시성,20180919,"46,342,006,026","5,441,020","1,540","110,444",20176122,The Great Battle,2018,장편,개봉,한국,"사극,액션",한국,사극,김광식,(주)영화사수작,8.63
97,98,의형제,20100204,"40,154,381,000","5,416,923",569,"118,251",20090904,Secret Reunion,2009,장편,개봉,한국,"드라마,액션",한국,드라마,장훈,(주)쇼박스,8.87
98,99,블랙 팬서,20180214,"45,896,080,357","5,400,241","1,620","119,239",20170561,Black Panther,2018,장편,개봉,미국,"액션,드라마,SF",미국,액션,라이언 쿠글러,,7.00
99,100,2012,20091112,"38,941,723,000","5,397,597",856,"89,309",20090685,2012,2009,장편,개봉,미국,"SF,액션,어드벤처",미국,SF,롤랜드 에머리히,센트로폴리스 엔터테인먼트,7.60
100,101,더 킹,20170118,"43,494,687,535","5,318,202","1,310","107,989",20151229,The King,2016,장편,개봉,한국,"범죄,드라마",한국,범죄,한재림,(주)매그넘나인,8.39
101,102,완득이,20111020,"38,533,831,000","5,311,353",629,"117,850",20112695,Punch,2011,장편,개봉,한국,드라마,한국,드라마,이한,(주)유비유필름,8.80
102,103,트랜스포머: 사라진 시대,20140625,"44,012,752,845","5,295,836","1,602","107,875",20122021,Transformers : Age of Extinction,2014,장편,개봉,미국,"액션,SF,어드벤처",미국,액션,마이클 베이,,7.44
103,104,완벽한 타인,20181031,"44,356,976,474","5,294,154","1,325","143,075",20177538,Intimate Strangers,2018,장편,개봉,한국,"드라마,코미디",한국,드라마,이재규,(주)필름몬스터,9.08
104,105,조커,20191002,"45,443,092,130","5,255,308","1,418","148,270",20199950,Joker,2019,장편,개봉,미국,"액션,드라마,스릴러",미국,액션,토드 필립스,,8.97
105,106,월드 워 Z,20130620,"38,589,794,000","5,244,336",964,"102,831",20122122,World War Z ,2013,장편,개봉,미국,"드라마,스릴러,SF,액션,어드벤처",미국,드라마,마크 포스터,플랜 비 엔터테인먼트,8.24
106,107,범죄도시3,20230531,"51,249,284,136","5,210,603","2,582","84,790",20226411,THE ROUNDUP : NO WAY OUT,2022,장편,개봉,한국,"범죄,액션",한국,범죄,이상용,주식회사 빅펀치픽쳐스,
107,108,타워,20121225,"37,656,008,000","5,181,244",638,"81,151",20124039,The Tower,2012,장편,개봉,한국,드라마,한국,드라마,김지훈,(주)씨제이이엔엠,8.02
108,109,미녀와 야수,20170316,"42,253,148,459","5,156,372","1,627","142,729",20164721,Beauty and the Beast,2017,장편,개봉,미국,"멜로/로맨스,판타지,뮤지컬",미국,멜로/로맨스,빌 콘돈,,8.99
109,110,미션 임파서블 3,20060503,"32,155,201,400","5,127,047",441,"72,584",20060107,Mission: Impossible 3,2006,장편,개봉,미국,액션,미국,액션,J.J. 에이브럼스,파라마운트 픽쳐스,8.83
110,111,투사부일체,20060119,"31,959,686,000","5,074,314",407,"54,339",20050363,"My Boss, My Teacher",2006,장편,개봉,한국,코미디,한국,코미디,김동원,(주)시네마제니스 ,5.65
111,112,쿵푸팬더 2,20110526,"44,310,427,500","5,064,796",948,"101,447",20110511,Kung Fu Panda 2,2011,장편,개봉,미국,"애니메이션,액션,어드벤처,코미디,가족",미국,애니메이션,여인영,,8.71
112,113,독전,20180522,"43,491,762,113","5,064,323","1,532","140,052",20179383,Believer,2017,장편,개봉,한국,"범죄,액션",한국,범죄,이해영,(주)용필름,9.50
113,114,추격자,20080214,"33,986,959,000","5,046,096",433,"106,805",20080046,The Chaser,2008,장편,개봉,한국,"범죄,스릴러,액션",한국,범죄,나홍진,(주)영화사비단길,9.09
114,115,아쿠아맨,20181219,"44,145,008,504","5,041,187","1,285","105,440",20180290,AQUAMAN,2018,장편,개봉,"미국,호주",액션,미국,액션,제임스 완,,8.77
115,116,공작,20180808,"42,795,690,816","4,975,517","1,317","99,122",20179101,The Spy Gone North,2017,장편,개봉,한국,드라마,한국,드라마,윤종빈,(주)영화사 월광,7.86
116,117,인사이드 아웃,20150709,"38,040,532,136","4,971,192",931,"84,082",20151225,Inside Out,2014,장편,개봉,미국,"애니메이션,코미디",미국,애니메이션,피트 닥터,,9.05
117,118,킹스맨: 골든 서클,20170927,"40,987,484,736","4,945,484","1,687","95,922",20175222,Kingsman: The Golden Circle,2017,장편,개봉,"미국,영국","액션,어드벤처,코미디",미국,액션,매튜 본,,8.61
118,119,바람과 함께 사라지다,20120808,"34,614,720,161","4,909,950",694,"78,594",20124067,The Grand Heist,2012,장편,개봉,한국,"코미디,사극",한국,코미디,김주호,(주)두타연,7.60
119,120,마션,20151008,"39,702,034,175","4,887,144","1,132","115,967",20151383,The Martian ,2015,장편,개봉,미국,"액션,어드벤처,SF",미국,액션,리들리 스콧,,8.72
120,121,토르: 라그나로크,20171025,"39,261,266,595","4,858,572","1,640","137,496",20175121,THOR: RAGNAROK,2017,장편,개봉,미국,"액션,어드벤처,판타지,SF",미국,액션,타이카 와이티티,,9.03
121,122,어메이징 스파이더맨,20120628,"41,165,656,235","4,853,273","1,118","92,766",20126077,The Amazing Spider - Man,2012,장편,개봉,미국,액션,미국,액션,마크 웹,,8.06
122,123,"님아, 그 강을 건너지 마오",20141127,"37,360,250,579","4,802,642",806,"93,556",20141111,"My Love, Don't Cross That River",2014,장편,개봉,한국,다큐멘터리,한국,다큐멘터리,진모영,아거스필름,9.16
123,124,봉오동 전투,20190807,"40,588,894,538","4,787,579","1,476","107,032",20184462,The Battle: Roar to Victory,2019,장편,개봉,한국,"사극,액션,드라마",한국,사극,원신연,(주)빅스톤픽쳐스,9.07
124,125,조선명탐정 : 각시투구꽃의 비밀,20110127,"35,841,769,500","4,786,259",634,"84,189",20102414,Detective K : Secret of Virtuous Widow,2010,장편,개봉,한국,"코미디,액션",한국,코미디,김석윤,청년필름(주),8.12
125,126,군도: 민란의 시대,20140723,"36,991,750,499","4,775,924","1,394","67,260",20123501,KUNDO : Age of the Rampant,2013,장편,개봉,한국,"사극,액션",한국,사극,윤종빈,(주)영화사 월광,7.34
126,127,남산의 부장들,20200122,"41,225,216,650","4,750,345","1,659","140,053",20180939,The Man Standing Next,2019,장편,개봉,한국,드라마,한국,드라마,우민호,(주)하이브미디어코프,8.46
127,128,라이온 킹,20190717,"41,519,732,430","4,743,295","1,936","126,503",20175771,The Lion King,2018,장편,개봉,미국,"어드벤처,드라마,가족",미국,어드벤처,존 파브로,,9.29
128,129,범죄와의 전쟁: 나쁜놈들 전성시대,20120202,"36,540,977,500","4,720,172",713,"91,915",20113557,Nameless Gangster : Rules of the Time,2011,장편,개봉,한국,"범죄,드라마",한국,범죄,윤종빈,(주)팔레트픽처스,8.66
129,130,주토피아,20160217,"37,116,473,742","4,707,962",735,"131,096",20155501,Zootopia,2015,장편,개봉,미국,"애니메이션,액션,어드벤처",미국,애니메이션,바이론 하워드,,9.33
130,131,엣지 오브 투모로우,20140604,"38,786,998,201","4,706,213",801,"95,776",20148807,Edge of Tomorrow,2014,장편,개봉,미국,"액션,SF",미국,액션,더그 라이만,,8.74
131,132,신세계,20130221,"34,927,253,285","4,689,828",671,"91,743",20124401,New World,2012,장편,개봉,한국,"범죄,액션",한국,범죄,박훈정,(주)사나이픽처스,8.94
132,133,더 퍼스트 슬램덩크,20230104,"48,900,213,258","4,679,580","1,060","226,208",20228555,The First Slam Dunk,2022,장편,개봉,일본,애니메이션,일본,애니메이션,이노우에 다케히코,,
133,134,신비한 동물사전,20161116,"39,365,960,288","4,669,702","1,431","116,374",20162365,Fantastic Beasts and Where to Find Them,2016,장편,개봉,"미국,영국","어드벤처,가족,판타지",미국,어드벤처,데이빗 예이츠,,6.78
134,135,도가니,20110922,"35,567,476,000","4,662,926",756,"88,345",20112534,Silenced,2011,장편,개봉,한국,드라마,한국,드라마,황동혁,(주)삼거리픽쳐스,9.27
135,136,쿵푸 팬더,20080605,"29,998,150,000","4,654,266",563,"79,902",20080653,Kung Fu Panda,2008,장편,개봉,미국,"애니메이션,코미디,액션,가족",미국,애니메이션,마크 오스본,,8.78
136,137,내 아내의 모든 것,20120517,"34,224,467,500","4,598,985",563,"91,777",20113554,All About My Wife,2012,장편,개봉,한국,"코미디,멜로/로맨스",한국,코미디,민규동,(주)수필름,
137,138,스파이더맨 3,20070501,"29,511,658,000","4,592,309",806,"79,966",20070056,Spider-Man 3,,장편,개봉,미국,"액션,SF",미국,액션,샘 레이미,콜럼비아 픽쳐스 코포레이션,7.47
138,139,판도라,20161207,"36,069,197,064","4,585,116","1,184","100,273",20144641,Pandora,2016,장편,개봉,한국,"드라마,스릴러",한국,드라마,박정우,(주)씨에이씨엔터테인먼트,8.78
139,140,맘마미아!,20080903,"29,697,221,850","4,579,773",451,"111,827",20081169,Mamma Mia!,2008,장편,개봉,미국,"멜로/로맨스,뮤지컬",미국,멜로/로맨스,필리다 로이드,,9.08
140,141,나쁜 녀석들: 더 무비,20190911,"39,560,195,124","4,573,902","1,511","113,938",20188750,The Bad Guys: Reign of Chaos,2019,장편,개봉,한국,"범죄,액션",한국,범죄,손용호,(주)씨제이이엔엠,8.15
141,142,캐리비안의 해적: 세상의 끝에서,20070523,"29,133,447,500","4,571,229",953,"78,007",20070057,Pirates Of The Caribbean: At Worlds End,2007,장편,개봉,미국,"액션,코미디,어드벤처,판타지",미국,액션,고어 버빈스키,제리 브룩하이머 필름,
142,143,가문의 위기(가문의 영광2),20050907,"28,622,355,500","4,529,876",351,"61,009",20050219,Marrying the Mafia 2: Enemy-in-Law,2005,장편,개봉,한국,코미디,한국,코미디,정용기,(주)태원엔터테인먼트,
143,144,연가시,20120705,"32,176,550,664","4,516,063",759,"71,932",20124062,Deranged,2012,장편,개봉,한국,"공포(호러),SF",한국,공포(호러),박정우,(주)오죤필름,7.16
144,145,터미네이터 : 미래전쟁의 시작,20090521,"29,690,943,500","4,499,776",702,"93,745",20090238,Terminator Salvation: The Future Begins,2009,장편,개봉,미국,"SF,액션",미국,SF,맥지,더 할사이온 컴퍼니,8.19
145,146,강철비,20171214,"35,490,646,466","4,452,900","1,426","80,360",20170402,Steel Rain,2017,장편,개봉,한국,"액션,드라마",한국,액션,양우석,(주)와이웍스엔터테인먼트,7.91
146,147,아이언맨 2,20100429,"32,637,290,500","4,425,235",921,"87,672",20090933,Iron Man 2,2010,장편,개봉,미국,"SF,액션,어드벤처",미국,SF,존 파브로,파라마운트 픽쳐스,7.37
147,148,해리포터와 죽음의 성물2,20110713,"34,668,545,500","4,421,210",757,"70,853",20111009,Harry Potter and the Deathly Hallows: Part 2,2011,장편,개봉,미국,"판타지,미스터리",미국,판타지,데이빗 예이츠,,9.33
148,149,다만 악에서 구하소서,20200805,"38,602,897,990","4,357,873","1,998","193,850",20197922,DELIVER US FROM EVIL,2019,장편,개봉,한국,"범죄,액션",한국,범죄,홍원찬,(주)하이브미디어코프,8.54
149,150,헌트,20220810,"44,601,068,153","4,352,420","1,625","170,964",20211792,HUNT,2022,장편,개봉,한국,"액션,드라마",한국,액션,이정재,(주)아티스트스튜디오,8.46
150,151,엑스맨: 데이즈 오브 퓨처 패스트,20140522,"34,654,558,766","4,313,871","1,056","82,722",20147669,X-Men: Days of Future Past,2014,장편,개봉,미국,"액션,판타지,SF,어드벤처",미국,액션,브라이언 싱어,,8.76
151,152,강철중: 공공의 적 1-1,20080619,"28,638,465,100","4,313,102",707,"74,158",20080736,Public Enemy Returns,2008,장편,개봉,한국,"드라마,액션",한국,드라마,강우석,(주)시네마서비스글로벌,8.53
152,153,아이언맨,20080430,"27,880,712,500","4,300,365",592,"78,269",20080396,Iron Man,2008,장편,개봉,미국,"SF,드라마,액션",미국,SF,존 파브로,,
153,154,아가씨,20160601,"35,221,312,991","4,289,008","1,171","90,393",20144444,The Handmaiden,2016,장편,개봉,한국,"스릴러,드라마",한국,스릴러,박찬욱,유한회사 아가씨에프에스,7.69
154,155,박물관이 살아있다!,20061221,"24,401,542,200","4,245,247",345,"56,526",20060319,Night At The Museum,2006,장편,개봉,미국,"코미디,어드벤처",미국,코미디,숀 레비,이십세기폭스필름코퍼레이션,8.02
155,156,다크 나이트,20080806,"28,208,421,040","4,228,360",462,"72,855",20081056,The Dark Knight,2008,장편,개봉,미국,"범죄,드라마,액션,미스터리",미국,범죄,크리스토퍼 놀란,,9.65
156,157,말아톤,20050127,"26,285,057,000","4,196,859",238,"59,495",20040785,Marathon,2005,장편,개봉,한국,드라마,한국,드라마,정윤철,시네라인투(주),9.24
157,158,어메이징 스파이더맨 2,20140423,"34,869,101,800","4,168,353","1,312","91,715",20135661,The Amazing Spider-Man 2,2014,장편,개봉,미국,"액션,판타지",미국,액션,마크 웹,,8.06
158,159,용의자,20131224,"30,037,521,000","4,131,338",807,"69,124",20124938,The Suspect,2013,장편,개봉,한국,"액션,스릴러",한국,액션,원신연,(주)그린피쉬,8.27
159,160,건축학개론,20120322,"30,245,742,400","4,114,167",593,"106,701",20124074,Architecture 101,2012,장편,개봉,한국,"멜로/로맨스,드라마",한국,멜로/로맨스,이용주,(주)명필름,8.68
160,161,인디아나 존스 4 : 크리스탈 해골의 왕국,20080522,"26,689,440,000","4,111,753",771,"75,393",20070675,Indiana Jones And The Kingdom Of The Crystal Skull,2008,장편,개봉,미국,"액션,어드벤처",미국,액션,스티븐 스필버그,,
161,162,미이라 3:황제의 무덤,20080730,"26,217,311,000","4,090,885",634,"64,779",20080996,The Mummy 3:Tomb Of The Dragon Emperor,2008,장편,개봉,미국,"액션,어드벤처,판타지",미국,액션,롭 코헨,,5.65
162,163,가디언즈 오브 갤럭시: Volume 3,20230503,"42,958,684,881","4,074,267","1,819","146,075",20231496,Guardians of the Galaxy Volume 3,2023,장편,개봉,미국,액션,미국,액션,제임스 건,,
163,164,댄싱퀸,20120118,"30,130,775,500","4,058,225",544,"80,987",20113743,Dancing Queen,2011,장편,개봉,한국,"코미디,드라마",한국,코미디,이석훈,(주)제이케이필름,
164,165,7급 공무원,20090422,"26,380,710,000","4,039,891",475,"90,779",20081737,My Girlfriend Is an Agent,2008,장편,개봉,한국,"코미디,액션,드라마,범죄",한국,코미디,신태라,(주)하리마오픽쳐스,8.28
165,166,우리 생애 최고의 순간,20080110,"26,119,898,000","4,018,872",418,"70,724",20070382,Forever The Moment,2007,장편,개봉,한국,드라마,한국,드라마,임순례,(주)엠케이픽처스 ,8.57
166,167,꾼,20171122,"31,313,568,795","4,018,341","1,314","117,419",20165748,The Swindlers,2017,장편,개봉,한국,범죄,한국,범죄,장창원,(주)영화사두둥,8.32
167,168,타짜-신의 손,20140903,"32,373,120,927","4,015,361",890,"80,584",20134804,Tazza-The Hidden Card,2014,장편,개봉,한국,드라마,한국,드라마,강형철,(주)싸이더스,7.76
168,169,혹성탈출: 반격의 서막,20140710,"31,514,053,095","4,002,560",956,"72,881",20148973,Dawn of the Planet of the Apes,2014,장편,개봉,미국,"액션,드라마,SF,스릴러",미국,액션,맷 리브스,,8.43
169,170,쿵푸팬더3,20160128,"31,340,813,156","3,984,814","1,365","97,405",20151803,Kung Fu Panda 3,2015,장편,개봉,미국,"애니메이션,액션,어드벤처",미국,애니메이션,여인영,드림웍스 애니메이션,8.78
170,171,캡틴 아메리카: 윈터 솔져,20140326,"31,728,426,385","3,964,965","1,106","110,158",20147790,Captain America: The Winter Soldier,2014,장편,개봉,미국,"액션,어드벤처,SF",미국,액션,조 루소,,8.83
171,172,매드 맥스: 분노의 도로,20150514,"33,794,137,362","3,920,851",799,"103,728",20144741,Mad Max: Fury Road,2015,장편,개봉,"미국,호주","액션,어드벤처,스릴러",미국,액션,조지 밀러,,8.87
172,173,캐리비안의 해적 : 망자의 함,20060706,"23,832,939,000","3,911,617",456,"49,648",20060146,Pirates Of The Caribbean: Dead Man`S Chest,2006,장편,개봉,미국,"액션,코미디,어드벤처,판타지",미국,액션,고어 버빈스키,월트 디즈니 픽쳐스,
173,174,박수건달,20130109,"28,379,548,569","3,897,969",603,"60,604",20124935,Man on the Edge,2012,장편,개봉,한국,코미디,한국,코미디,조진규,주식회사 제이앤피,8.12
174,175,베놈,20181003,"34,100,211,207","3,888,096","1,308","116,149",20177221,Venom,2018,장편,개봉,미국,"액션,SF,스릴러",미국,액션,루벤 플레셔,,8.24
175,176,조선명탐정 : 사라진 놉의 딸,20150211,"30,456,879,428","3,872,015",825,"80,499",20149570,Detective K : Secret of the Lost Island,2014,장편,개봉,한국,"사극,코미디,어드벤처",한국,사극,김석윤,청년필름(주),8.07
176,177,너의 이름은.,20170104,"31,283,693,208","3,862,662",947,"91,884",20161872,your name.,2016,장편,개봉,일본,"애니메이션,드라마,멜로/로맨스",일본,애니메이션,신카이 마코토,,
177,178,역린,20140430,"29,895,031,890","3,849,700","1,054","83,304",20139183,The Fatal Encounter,2014,장편,개봉,한국,사극,한국,사극,이재규,굿초이스컷픽쳐스(주),
178,179,남한산성,20171003,"31,225,419,792","3,849,129","1,229","71,102",20165450,The Fortress,2017,장편,개봉,한국,"사극,드라마",한국,사극,황동혁,(주)싸이런픽쳐스,8.17
179,180,반도,20200715,"33,078,694,380","3,812,954","2,575","199,267",20193450,Peninsula,2020,장편,개봉,한국,"액션,드라마",한국,액션,연상호,(주)영화사레드피터,7.16
180,181,암수살인,20181003,"32,998,321,048","3,789,553","1,177","126,129",20179189,Dark Figure of Crime,2017,장편,개봉,한국,"범죄,드라마",한국,범죄,김태균,(주)필름295,8.58
181,182,데드풀 2,20180516,"34,185,664,639","3,784,602","1,576","113,288",20176848,DEADPOOL 2,2018,장편,개봉,미국,"액션,어드벤처,코미디,SF",미국,액션,데이빗 레이치,,9.09
182,183,라라랜드,20161207,"31,117,121,478","3,771,168",727,"115,288",20167904,LA LA LAND,2016,장편,개봉,미국,"드라마,뮤지컬,멜로/로맨스",미국,드라마,데이미언 셔젤,,8.91
183,184,국가부도의 날,20181128,"30,895,057,837","3,755,469","1,180","101,172",20177552,Default,2018,장편,개봉,한국,드라마,한국,드라마,최국희,영화사 집,
184,185,쌍화점,20081230,"25,411,823,400","3,749,034",532,"72,498",20081716,A Frozen Flower,2008,장편,개봉,한국,드라마,한국,드라마,유하,오퍼스픽쳐스(유),
185,186,신기전,20080904,"24,326,406,000","3,728,439",585,"78,464",20081001,The Divine Weapon,2008,장편,개봉,한국,"사극,드라마,액션,전쟁",한국,사극,김유진,(주)시네마서비스글로벌,8.28
186,187,해리 포터와 불사조 기사단,20070711,"23,010,956,770","3,702,538",768,"53,631",20070063,Harry Potter And The Order Of The Phoenix,2007,장편,개봉,미국,"판타지,액션,어드벤처",미국,판타지,데이빗 예이츠,워너 브러더스 픽쳐스,8.63
187,188,미이라,20170606,"30,504,689,978","3,689,325","1,257","105,228",20166488,The Mummy,2017,장편,개봉,미국,"액션,어드벤처,판타지",미국,액션,알렉스 커츠먼,,7.49
188,189,82년생 김지영,20191023,"30,306,859,310","3,679,162","1,486","145,464",20191029,"KIM JI-YOUNG, BORN 1982 ",2019,장편,개봉,한국,드라마,한국,드라마,김도영,(주)봄바람영화사,9.12
189,190,분노의 질주: 더 익스트림,20170412,"30,044,577,348","3,659,683","1,469","114,213",20167542,The Fast and The Furious 8,2017,장편,개봉,"미국,일본,프랑스,캐나다","액션,범죄,스릴러",미국,액션,F. 게리 그레이,,9.18
190,191,분노의 질주: 홉스&쇼,20190814,"32,242,734,793","3,657,627","1,311","94,904",20196850,Fast & Furious Presents: Hobbs & Shaw,2019,장편,개봉,미국,액션,미국,액션,데이빗 레이치,,
191,192,모가디슈,20210728,"34,603,488,626","3,619,454","1,688","212,057",20204117,Escape from Mogadishu,2021,장편,개봉,한국,"액션,드라마",한국,액션,류승완,(주)덱스터스튜디오,8.66
192,193,인턴,20150924,"28,522,202,348","3,611,166",659,"81,589",20152022,The Intern,2015,장편,개봉,미국,코미디,미국,코미디,낸시 마이어스,,9.04
193,194,귀향,20160224,"27,250,331,990","3,587,256",876,"90,290",20161364,Spirits' Homecoming,2015,장편,개봉,한국,드라마,한국,드라마,조정래,주식회사 제이오엔터테인먼트코리아,
194,195,리얼 스틸,20111012,"26,566,677,000","3,579,666",603,"87,650",20112173,Real Steel,2010,장편,개봉,미국,"액션,드라마,SF",미국,액션,숀 레비,,9.06
195,196,신의 한 수,20140703,"28,812,027,456","3,566,852",794,"77,110",20139201,The Divine Move,2014,장편,개봉,한국,"범죄,액션",한국,범죄,조범구,(주)메이스엔터테인먼트,8.66
196,197,코코,20180111,"27,766,173,140","3,516,880","1,177","86,072",20179985,COCO,2017,장편,개봉,미국,애니메이션,미국,애니메이션,리 언크리치,,9.20
197,198,해리 포터와 불의 잔,20051201,"22,097,731,900","3,499,257",504,"45,555",20050310,Harry Potter and the Goblet of Fire,2005,장편,개봉,미국,"액션,판타지",미국,액션,마이크 뉴웰,워너 브러더스 픽쳐스,9.41
198,199,비긴 어게인,20140813,"27,433,947,031","3,479,444",525,"87,565",20149629,Begin Again,2013,장편,개봉,미국,멜로/로맨스,미국,멜로/로맨스,존 카니,,9.13
199,200,태풍,20051214,"22,209,675,300","3,471,150",481,"47,155",20050326,Typhoon,2005,장편,개봉,한국,"드라마,액션",한국,드라마,곽경택,CJ ENM,6.13
